﻿<?xml version="1.0" encoding="UTF-8"?>
<Context Id="815c48fc-b965-45d3-b3a1-ffc82ef0d2d8">
  <Entities>
    <Entity Id="5bf81f48-6910-4407-a7d5-d5bd0f277667" Name="SAPLogon760Data" IsArray="False">
      <Entities>
        <Entity Id="1741b01c-b785-4d33-ba88-a1a3549956be" Name="pSAPLoginData" IsArray="False">
          <Entities>
            <Entity Id="2b3d62d4-0345-4f47-b3d0-fe01539e2934" Name="edMandante" IsArray="False" />
            <Entity Id="995de954-34c3-4b13-8d13-3a0d32140fe0" Name="edUsuarios" IsArray="False" />
            <Entity Id="a7f6ac6a-2d5e-4b0f-a852-688681921f0d" Name="oClvAcc" IsArray="False" />
            <Entity Id="faf24157-84f7-4f45-b0fa-f4d9f9cade44" Name="edIdioma" IsArray="False" />
          </Entities>
        </Entity>
        <Entity Id="c474c82d-03c7-4067-9e6a-4abf90c6604f" Name="pSAPEasyAccessData" IsArray="False">
          <Entities>
            <Entity Id="80646b48-dd01-4a87-bf12-5840a8fa4d5a" Name="oGuiOkCodeField" IsArray="False" />
          </Entities>
        </Entity>
        <Entity Id="c0d48e45-c64a-494e-8926-695f3e12ba87" Name="pVentasYFacturasMasData" IsArray="False">
          <Entities>
            <Entity Id="e3b319fa-4104-42c6-9eb8-10aee36d1a6e" Name="edFichero" IsArray="False" />
          </Entities>
        </Entity>
        <Entity Id="693c7668-b06c-4b92-94b6-f2cbe0bcd232" Name="pPosMensajesData" IsArray="False">
          <Entities>
            <Entity Id="5578d981-0349-48eb-9a3f-4cebf35ea60d" Name="oTip" IsArray="False" />
          </Entities>
        </Entity>
      </Entities>
    </Entity>
    <Entity Id="f60e786a-28b3-4220-aae5-5ab79b28c11b" Name="Items" IsArray="True">
      <Entities>
        <Entity Id="64d52af6-5d9e-49c6-b1b4-bb8e3a9cc15e" Name="Values" IsArray="True" />
        <Entity Id="cac067a7-6892-466b-ab56-50b7b46bf1de" Name="newItem" IsArray="True" />
        <Entity Id="fc4f4a7c-f584-438b-a768-36dc614827bb" Name="newItem2" IsArray="True" />
        <Entity Id="c98b2783-fad6-47ef-b774-3f35abcdf5d0" Name="newItem3" IsArray="True" />
      </Entities>
    </Entity>
    <Entity Id="f081d968-7cfc-4042-bd30-a31131793201" Name="MicrosoftExcelRepData" IsArray="False">
      <Entities>
        <Entity Id="727bb5b8-2568-4a3c-9517-255b050162e9" Name="pWindowMacroData" IsArray="False">
          <Entities>
            <Entity Id="18bdb3bb-5488-4fdd-81c4-a4a5e8fcfe5c" Name="oCrearObjetoTabla" IsArray="False" />
          </Entities>
        </Entity>
      </Entities>
    </Entity>
  </Entities>
</Context>