{
  "do": [
    {
      "id": "0",
      "name": "Start",
      "type": "start"
    },
    {
      "id": "1",
      "name": "Declare setting fechaInicio",
      "activity": {
        "activityId": "placeHolder",
        "className": null,
        "module": {
          "containerId": "",
          "id": ""
        },
        "generatedScript": "/*\n// Declares a setting\r\n\r\nctx.setting({ fechaInicio: {\r\n\tcomment: \"Fecha Inicio\",\r\n\tserver: true\r\n}});\r\n\n*/"
      },
      "inputMapping": {
        "arguments": [
          {
            "name": "SnippetId",
            "type": "expression",
            "value": "setting.declare"
          },
          {
            "name": "name",
            "type": "expression",
            "value": "fechaInicio"
          },
          {
            "name": "comment",
            "type": "expression",
            "value": "Fecha Inicio"
          },
          {
            "name": "server",
            "type": "expression",
            "value": "true"
          }
        ]
      }
    },
    {
      "id": "2",
      "name": "Declare setting fechaFin",
      "activity": {
        "activityId": "placeHolder",
        "className": null,
        "module": {
          "containerId": "",
          "id": ""
        },
        "generatedScript": "/*\n// Declares a setting\r\n\r\nctx.setting({ fechaFin: {\r\n\tcomment: \"Fecha fin\",\r\n\tserver: true\r\n}});\r\n\n*/"
      },
      "inputMapping": {
        "arguments": [
          {
            "name": "SnippetId",
            "type": "expression",
            "value": "setting.declare"
          },
          {
            "name": "name",
            "type": "expression",
            "value": "fechaFin"
          },
          {
            "name": "comment",
            "type": "expression",
            "value": "Fecha fin"
          },
          {
            "name": "server",
            "type": "expression",
            "value": "true"
          }
        ]
      }
    },
    {
      "id": "3",
      "name": "Declare setting soloCarga",
      "activity": {
        "activityId": "placeHolder",
        "className": null,
        "module": {
          "containerId": "",
          "id": ""
        },
        "generatedScript": "/*\n// Declares a setting\r\n\r\nctx.setting({ soloCarga: {\r\n\tcomment: \"solo Carga\",\r\n\tserver: false\r\n}});\r\n\n*/"
      },
      "inputMapping": {
        "arguments": [
          {
            "name": "SnippetId",
            "type": "expression",
            "value": "setting.declare"
          },
          {
            "name": "name",
            "type": "expression",
            "value": "soloCarga"
          },
          {
            "name": "comment",
            "type": "expression",
            "value": "solo Carga"
          },
          {
            "name": "server",
            "type": "expression",
            "value": "false"
          }
        ]
      }
    },
    {
      "id": "4",
      "name": "Declare setting idCentro",
      "activity": {
        "activityId": "placeHolder",
        "className": null,
        "module": {
          "containerId": "",
          "id": ""
        },
        "generatedScript": "/*\n// Declares a setting\r\n\r\nctx.setting({ MySetting: {\r\n\tcomment: \"My setting\",\r\n\tserver: false\r\n}});\r\n\n*/"
      },
      "inputMapping": {
        "arguments": [
          {
            "name": "SnippetId",
            "type": "expression",
            "value": "setting.declare"
          },
          {
            "name": "name",
            "type": "expression",
            "value": "MySetting"
          },
          {
            "name": "comment",
            "type": "expression",
            "value": "My setting"
          },
          {
            "name": "server",
            "type": "expression",
            "value": "false"
          }
        ]
      }
    },
    {
      "id": "5",
      "name": "Declare setting tipoConsulta",
      "activity": {
        "activityId": "placeHolder",
        "className": null,
        "module": {
          "containerId": "",
          "id": ""
        },
        "generatedScript": "/*\n// Declares a setting\r\n\r\nctx.setting({ MySetting: {\r\n\tcomment: \"My setting\",\r\n\tserver: false\r\n}});\r\n\n*/"
      },
      "inputMapping": {
        "arguments": [
          {
            "name": "SnippetId",
            "type": "expression",
            "value": "setting.declare"
          },
          {
            "name": "name",
            "type": "expression",
            "value": "MySetting"
          },
          {
            "name": "comment",
            "type": "expression",
            "value": "My setting"
          },
          {
            "name": "server",
            "type": "expression",
            "value": "false"
          }
        ]
      }
    },
    {
      "id": "6",
      "name": "Get setting fechaInicio",
      "activity": {
        "activityId": "placeHolder",
        "className": null,
        "module": {
          "containerId": "",
          "id": ""
        },
        "generatedScript": "/*\n// Retrieves the value of a setting\r\n\r\nctx.settings.fechaInicio.get(function(code, label, setting) {\r\n\tif (code == e.error.OK) {\r\n\t\t// get value from setting.value\r\n\t\trootData.Manual.fechaIni = setting.value;\r\n\t}\r\n});\r\n\n*/"
      },
      "inputMapping": {
        "arguments": [
          {
            "name": "SnippetId",
            "type": "expression",
            "value": "setting.get_2"
          },
          {
            "name": "variable",
            "type": "expression",
            "value": "Step0.InputData.Manual.fechaIni"
          },
          {
            "name": "name",
            "type": "expression",
            "value": "fechaInicio"
          }
        ]
      }
    },
    {
      "id": "7",
      "name": "Get setting fechaFin",
      "activity": {
        "activityId": "placeHolder",
        "className": null,
        "module": {
          "containerId": "",
          "id": ""
        },
        "generatedScript": "/*\n// Retrieves the value of a setting\r\n\r\nctx.settings.fechaFin.get(function(code, label, setting) {\r\n\tif (code == e.error.OK) {\r\n\t\t// get value from setting.value\r\n\t\trootData.Manual.fechaFin = setting.value;\r\n\t}\r\n});\r\n\n*/"
      },
      "inputMapping": {
        "arguments": [
          {
            "name": "SnippetId",
            "type": "expression",
            "value": "setting.get_2"
          },
          {
            "name": "variable",
            "type": "expression",
            "value": "Step0.InputData.Manual.fechaFin"
          },
          {
            "name": "name",
            "type": "expression",
            "value": "fechaFin"
          }
        ]
      }
    },
    {
      "id": "8",
      "name": "Get setting soloCarga",
      "activity": {
        "activityId": "placeHolder",
        "className": null,
        "module": {
          "containerId": "",
          "id": ""
        },
        "generatedScript": "/*\n// Retrieves the value of a setting\r\n\r\nctx.settings.soloCarga.get(function(code, label, setting) {\r\n\tif (code == e.error.OK) {\r\n\t\t// get value from setting.value\r\n\t\trootData.Manual.soloCarga = setting.value;\r\n\t}\r\n});\r\n\n*/"
      },
      "inputMapping": {
        "arguments": [
          {
            "name": "SnippetId",
            "type": "expression",
            "value": "setting.get_2"
          },
          {
            "name": "variable",
            "type": "expression",
            "value": "Step0.InputData.Manual.soloCarga"
          },
          {
            "name": "name",
            "type": "expression",
            "value": "soloCarga"
          }
        ]
      }
    },
    {
      "id": "9",
      "name": "Get setting idCentro",
      "activity": {
        "activityId": "placeHolder",
        "className": null,
        "module": {
          "containerId": "",
          "id": ""
        },
        "generatedScript": "/*\n// Retrieves the value of a setting\r\n\r\nctx.settings.idCentro.get(function(code, label, setting) {\r\n\tif (code == e.error.OK) {\r\n\t\t// get value from setting.value\r\n\t\trootData.Manual.idCentro = setting.value;\r\n\t}\r\n});\r\n\n*/"
      },
      "inputMapping": {
        "arguments": [
          {
            "name": "SnippetId",
            "type": "expression",
            "value": "setting.get_2"
          },
          {
            "name": "variable",
            "type": "expression",
            "value": "Step0.InputData.Manual.idCentro"
          },
          {
            "name": "name",
            "type": "expression",
            "value": "idCentro"
          }
        ]
      }
    },
    {
      "id": "10",
      "name": "Get setting tipoConsulta",
      "activity": {
        "activityId": "placeHolder",
        "className": null,
        "module": {
          "containerId": "",
          "id": ""
        },
        "generatedScript": "/*\n// Retrieves the value of a setting\r\n\r\nctx.settings.tipoConsulta.get(function(code, label, setting) {\r\n\tif (code == e.error.OK) {\r\n\t\t// get value from setting.value\r\n\t\trootData.tipoConsulta = setting.value;\r\n\t}\r\n});\r\n\n*/"
      },
      "inputMapping": {
        "arguments": [
          {
            "name": "SnippetId",
            "type": "expression",
            "value": "setting.get_2"
          },
          {
            "name": "variable",
            "type": "expression",
            "value": "Step0.InputData.tipoConsulta"
          },
          {
            "name": "name",
            "type": "expression",
            "value": "tipoConsulta"
          }
        ]
      }
    },
    {
      "id": "11",
      "name": "getFilenameDD",
      "activity": {
        "activityId": "placeHolder",
        "className": null,
        "module": {
          "containerId": "",
          "id": ""
        },
        "generatedScript": "/*\n// Describe functionality to be implemented in JavaScript later in the project.\r\n\n*/"
      },
      "inputMapping": {
        "arguments": [
          {
            "name": "SnippetId",
            "type": "expression",
            "value": "comment_2"
          },
          {
            "name": "step",
            "type": "expression",
            "value": "876a344b-0c1e-4e57-a970-6807d084df32"
          }
        ]
      }
    },
    {
      "id": "12",
      "name": "Read_txtDD",
      "activity": {
        "activityId": "placeHolder",
        "className": null,
        "module": {
          "containerId": "",
          "id": ""
        },
        "generatedScript": "/*\n// Leer archivo generado\r\n\n*/"
      },
      "inputMapping": {
        "arguments": [
          {
            "name": "SnippetId",
            "type": "expression",
            "value": "comment_2"
          }
        ]
      }
    },
    {
      "id": "13",
      "name": "setListDD",
      "activity": {
        "activityId": "placeHolder",
        "className": null,
        "module": {
          "containerId": "",
          "id": ""
        },
        "generatedScript": "/*\n// Genera aarchivo TXT\r\n\n*/"
      },
      "inputMapping": {
        "arguments": [
          {
            "name": "SnippetId",
            "type": "expression",
            "value": "comment_2"
          }
        ]
      }
    },
    {
      "id": "14",
      "name": "Write_txtDD",
      "type": "call",
      "activity": {
        "activityId": "file.write",
        "className": "",
        "module": {
          "containerId": "irpa_core",
          "id": "fs"
        }
      },
      "inputMapping": {
        "arguments": [
          {
            "name": "filePath",
            "type": "expression",
            "value": "Step0.InputData.filename"
          },
          {
            "name": "content",
            "type": "expression",
            "value": "Step0.InputData.archivoTXT"
          },
          {
            "name": "encoding",
            "type": "enum",
            "value": "UTF8",
            "enum": "file.encoding",
            "module": {
              "containerId": "irpa_core",
              "id": "enums"
            }
          }
        ]
      }
    },
    {
      "id": "15",
      "name": "Start 'SAPLogon750'DD",
      "type": "call",
      "activity": {
        "activityId": "start",
        "className": "Application",
        "module": {
          "containerId": "irpa_core",
          "id": "core"
        }
      },
      "target": {
        "type": "expression",
        "value": "SAPLogon750"
      },
      "inputMapping": {
        "arguments": []
      },
      "outputMapping": {
        "application": "application"
      }
    },
    {
      "id": "16",
      "uiGroup": {
        "type": "screen",
        "containerId": "package",
        "screenIdentifier": "SAPLogon750.pWindowSAPLogon75",
        "screenName": "SAPLogon750.pWindowSAPLogon75",
        "capture": "screen"
      },
      "name": "Wait screen",
      "type": "call",
      "activity": {
        "activityId": "wait",
        "className": "Screen",
        "module": {
          "containerId": "irpa_core",
          "id": "core"
        }
      },
      "target": {
        "type": "expression",
        "value": "SAPLogon750.pWindowSAPLogon75"
      }
    },
    {
      "id": "17",
      "name": "Double-click on 'stQAS (1)'",
      "uiGroup": {
        "type": "screen",
        "containerId": "package",
        "screenIdentifier": "SAPLogon750.pWindowSAPLogon75",
        "screenName": "SAPLogon750.pWindowSAPLogon75",
        "capture": "screen"
      },
      "type": "call",
      "activity": {
        "activityId": "clickDouble",
        "className": "Element",
        "module": {
          "containerId": "irpa_core",
          "id": "core"
        }
      },
      "target": {
        "type": "expression",
        "value": "SAPLogon750.pWindowSAPLogon75.stQAS"
      },
      "inputMapping": {
        "arguments": []
      }
    },
    {
      "id": "18",
      "name": "Declare_credentialDD",
      "activity": {
        "activityId": "placeHolder",
        "className": null,
        "module": {
          "containerId": "",
          "id": ""
        },
        "generatedScript": "/*\n// Declares a credential\r\n\r\nctx.cryptography.credential({ logonQAS: {\r\n\tcomment: \"logonQAS\",\r\n\tserver: true\r\n}});\r\n\n*/"
      },
      "inputMapping": {
        "arguments": [
          {
            "name": "SnippetId",
            "type": "expression",
            "value": "credential.declare"
          },
          {
            "name": "name",
            "type": "expression",
            "value": "logonQAS"
          },
          {
            "name": "comment",
            "type": "expression",
            "value": "logonQAS"
          },
          {
            "name": "server",
            "type": "expression",
            "value": "true"
          }
        ]
      }
    },
    {
      "id": "19",
      "name": "Get_credentialDD",
      "activity": {
        "activityId": "placeHolder",
        "className": null,
        "module": {
          "containerId": "",
          "id": ""
        },
        "generatedScript": "/*\n// Retrieves credential login and password\r\n\r\nctx.cryptography.credentials.logonQAS.get(function(code, label, credential) {\r\n\tif (code == e.error.OK) {\r\n\t\t// get values for credential\r\n\t\trootData.sapgui.uname = credential.userName.get();\r\n\t\trootData.sapgui.pass = credential.password.get();\r\n\t}\r\n});\r\n\n*/"
      },
      "inputMapping": {
        "arguments": [
          {
            "name": "SnippetId",
            "type": "expression",
            "value": "credential.get_2"
          },
          {
            "name": "name",
            "type": "expression",
            "value": "logonQAS"
          },
          {
            "name": "variableUsername",
            "type": "expression",
            "value": "Step0.InputData.sapgui.uname"
          },
          {
            "name": "variablePassword",
            "type": "expression",
            "value": "Step0.InputData.sapgui.pass"
          }
        ]
      }
    },
    {
      "id": "20",
      "uiGroup": {
        "type": "screen",
        "containerId": "package",
        "screenIdentifier": "SAPLogon750.pSAPLogin",
        "screenName": "SAPLogon750.pSAPLogin",
        "capture": "screen"
      },
      "name": "Wait screen",
      "type": "call",
      "activity": {
        "activityId": "wait",
        "className": "Screen",
        "module": {
          "containerId": "irpa_core",
          "id": "core"
        }
      },
      "target": {
        "type": "expression",
        "value": "SAPLogon750.pSAPLogin"
      }
    },
    {
      "id": "21",
      "name": "Set \"300\" in 'edMandante (1)'",
      "uiGroup": {
        "type": "screen",
        "containerId": "package",
        "screenIdentifier": "SAPLogon750.pSAPLogin",
        "screenName": "SAPLogon750.pSAPLogin",
        "capture": "screen"
      },
      "type": "call",
      "activity": {
        "activityId": "set",
        "className": "Element",
        "module": {
          "containerId": "irpa_core",
          "id": "core"
        }
      },
      "target": {
        "type": "expression",
        "value": "SAPLogon750.pSAPLogin.edMandante"
      },
      "inputMapping": {
        "arguments": [
          {
            "name": "value",
            "type": "expression",
            "value": "\"300\""
          },
          {
            "name": "testExist",
            "type": "boolean",
            "value": false
          },
          {
            "name": "ifDefined",
            "type": "boolean",
            "value": false
          }
        ]
      }
    },
    {
      "id": "22",
      "name": "Set rootData.sapgui.uname in 'edUsuarios (2)'",
      "uiGroup": {
        "type": "screen",
        "containerId": "package",
        "screenIdentifier": "SAPLogon750.pSAPLogin",
        "screenName": "SAPLogon750.pSAPLogin",
        "capture": "screen"
      },
      "type": "call",
      "activity": {
        "activityId": "set",
        "className": "Element",
        "module": {
          "containerId": "irpa_core",
          "id": "core"
        }
      },
      "target": {
        "type": "expression",
        "value": "SAPLogon750.pSAPLogin.edUsuarios"
      },
      "inputMapping": {
        "arguments": [
          {
            "name": "value",
            "type": "expression",
            "value": "Step0.InputData.sapgui.uname"
          },
          {
            "name": "testExist",
            "type": "boolean",
            "value": true
          },
          {
            "name": "ifDefined",
            "type": "boolean",
            "value": false
          }
        ]
      }
    },
    {
      "id": "23",
      "name": "Set rootData.sapgui.pass in 'oClvAcc (3)'",
      "uiGroup": {
        "type": "screen",
        "containerId": "package",
        "screenIdentifier": "SAPLogon750.pSAPLogin",
        "screenName": "SAPLogon750.pSAPLogin",
        "capture": "screen"
      },
      "type": "call",
      "activity": {
        "activityId": "set",
        "className": "Element",
        "module": {
          "containerId": "irpa_core",
          "id": "core"
        }
      },
      "target": {
        "type": "expression",
        "value": "SAPLogon750.pSAPLogin.oClvAcc"
      },
      "inputMapping": {
        "arguments": [
          {
            "name": "value",
            "type": "expression",
            "value": "Step0.InputData.sapgui.pass"
          },
          {
            "name": "testExist",
            "type": "boolean",
            "value": true
          },
          {
            "name": "ifDefined",
            "type": "boolean",
            "value": false
          }
        ]
      }
    },
    {
      "id": "24",
      "name": "Set \"ES\" in 'edIdioma (4)'",
      "uiGroup": {
        "type": "screen",
        "containerId": "package",
        "screenIdentifier": "SAPLogon750.pSAPLogin",
        "screenName": "SAPLogon750.pSAPLogin",
        "capture": "screen"
      },
      "type": "call",
      "activity": {
        "activityId": "set",
        "className": "Element",
        "module": {
          "containerId": "irpa_core",
          "id": "core"
        }
      },
      "target": {
        "type": "expression",
        "value": "SAPLogon750.pSAPLogin.edIdioma"
      },
      "inputMapping": {
        "arguments": [
          {
            "name": "value",
            "type": "expression",
            "value": "\"ES\""
          },
          {
            "name": "testExist",
            "type": "boolean",
            "value": false
          },
          {
            "name": "ifDefined",
            "type": "boolean",
            "value": false
          }
        ]
      }
    },
    {
      "id": "25",
      "name": "Send 'e.SAPScripting.key._Enter_' in 'pSAPLogin'",
      "uiGroup": {
        "type": "screen",
        "containerId": "package",
        "screenIdentifier": "SAPLogon750.pSAPLogin",
        "screenName": "SAPLogon750.pSAPLogin",
        "capture": "screen"
      },
      "type": "call",
      "activity": {
        "activityId": "keyStroke",
        "className": "Screen",
        "module": {
          "containerId": "irpa_core",
          "id": "core"
        }
      },
      "target": {
        "type": "expression",
        "value": "SAPLogon750.pSAPLogin"
      },
      "inputMapping": {
        "arguments": [
          {
            "name": "command",
            "type": "expression",
            "value": "e.SAPScripting.key._Enter_"
          }
        ]
      }
    },
    {
      "id": "26",
      "uiGroup": {
        "type": "screen",
        "containerId": "package",
        "screenIdentifier": "SAPLogon750.pSAPEasyAccess",
        "screenName": "SAPLogon750.pSAPEasyAccess",
        "capture": "screen"
      },
      "name": "Wait screen",
      "type": "call",
      "activity": {
        "activityId": "wait",
        "className": "Screen",
        "module": {
          "containerId": "irpa_core",
          "id": "core"
        }
      },
      "target": {
        "type": "expression",
        "value": "SAPLogon750.pSAPEasyAccess"
      }
    },
    {
      "id": "27",
      "name": "Set \"YSD_0001\" in 'oGuiOkCodeField (1)'",
      "uiGroup": {
        "type": "screen",
        "containerId": "package",
        "screenIdentifier": "SAPLogon750.pSAPEasyAccess",
        "screenName": "SAPLogon750.pSAPEasyAccess",
        "capture": "screen"
      },
      "type": "call",
      "activity": {
        "activityId": "set",
        "className": "Element",
        "module": {
          "containerId": "irpa_core",
          "id": "core"
        }
      },
      "target": {
        "type": "expression",
        "value": "SAPLogon750.pSAPEasyAccess.oGuiOkCodeField"
      },
      "inputMapping": {
        "arguments": [
          {
            "name": "value",
            "type": "expression",
            "value": "\"YSD_0001\""
          },
          {
            "name": "testExist",
            "type": "boolean",
            "value": false
          },
          {
            "name": "ifDefined",
            "type": "boolean",
            "value": false
          }
        ]
      }
    },
    {
      "id": "28",
      "name": "Send 'e.SAPScripting.key._Enter_' in 'pSAPEasyAccess'",
      "uiGroup": {
        "type": "screen",
        "containerId": "package",
        "screenIdentifier": "SAPLogon750.pSAPEasyAccess",
        "screenName": "SAPLogon750.pSAPEasyAccess",
        "capture": "screen"
      },
      "type": "call",
      "activity": {
        "activityId": "keyStroke",
        "className": "Screen",
        "module": {
          "containerId": "irpa_core",
          "id": "core"
        }
      },
      "target": {
        "type": "expression",
        "value": "SAPLogon750.pSAPEasyAccess"
      },
      "inputMapping": {
        "arguments": [
          {
            "name": "command",
            "type": "expression",
            "value": "e.SAPScripting.key._Enter_"
          }
        ]
      }
    },
    {
      "id": "29",
      "name": "Disable step timeoutDD",
      "activity": {
        "activityId": "placeHolder",
        "className": null,
        "module": {
          "containerId": "",
          "id": ""
        },
        "generatedScript": "/*\n// Used to disable step timeout.\r\nst.disableTimeout();\r\n\n*/"
      },
      "inputMapping": {
        "arguments": [
          {
            "name": "SnippetId",
            "type": "expression",
            "value": "step_disableTimeout"
          }
        ]
      }
    },
    {
      "id": "30",
      "uiGroup": {
        "type": "screen",
        "containerId": "package",
        "screenIdentifier": "SAPLogon750.pVentasYFacturasMas",
        "screenName": "SAPLogon750.pVentasYFacturasMas",
        "capture": "screen"
      },
      "name": "Wait screen",
      "type": "call",
      "activity": {
        "activityId": "wait",
        "className": "Screen",
        "module": {
          "containerId": "irpa_core",
          "id": "core"
        }
      },
      "target": {
        "type": "expression",
        "value": "SAPLogon750.pVentasYFacturasMas"
      }
    },
    {
      "id": "31",
      "name": "Set rootData.Manual.soloCarga in 'oSoloCarga (1)'",
      "uiGroup": {
        "type": "screen",
        "containerId": "package",
        "screenIdentifier": "SAPLogon750.pVentasYFacturasMas",
        "screenName": "SAPLogon750.pVentasYFacturasMas",
        "capture": "screen"
      },
      "type": "call",
      "activity": {
        "activityId": "set",
        "className": "Element",
        "module": {
          "containerId": "irpa_core",
          "id": "core"
        }
      },
      "target": {
        "type": "expression",
        "value": "SAPLogon750.pVentasYFacturasMas.oSoloCarga"
      },
      "inputMapping": {
        "arguments": [
          {
            "name": "value",
            "type": "expression",
            "value": "Step0.InputData.Manual.soloCarga"
          },
          {
            "name": "testExist",
            "type": "boolean",
            "value": false
          },
          {
            "name": "ifDefined",
            "type": "boolean",
            "value": false
          }
        ]
      }
    },
    {
      "id": "32",
      "name": "Set \"X\" in 'oVentaPorLínea (3)'",
      "uiGroup": {
        "type": "screen",
        "containerId": "package",
        "screenIdentifier": "SAPLogon750.pVentasYFacturasMas",
        "screenName": "SAPLogon750.pVentasYFacturasMas",
        "capture": "screen"
      },
      "type": "call",
      "activity": {
        "activityId": "set",
        "className": "Element",
        "module": {
          "containerId": "irpa_core",
          "id": "core"
        }
      },
      "target": {
        "type": "expression",
        "value": "SAPLogon750.pVentasYFacturasMas.oVentaPorLínea"
      },
      "inputMapping": {
        "arguments": [
          {
            "name": "value",
            "type": "expression",
            "value": "\"X\""
          },
          {
            "name": "testExist",
            "type": "boolean",
            "value": false
          },
          {
            "name": "ifDefined",
            "type": "boolean",
            "value": false
          }
        ]
      }
    },
    {
      "id": "33",
      "name": "Set rootData.filename in 'edFichero (2)'",
      "uiGroup": {
        "type": "screen",
        "containerId": "package",
        "screenIdentifier": "SAPLogon750.pVentasYFacturasMas",
        "screenName": "SAPLogon750.pVentasYFacturasMas",
        "capture": "screen"
      },
      "type": "call",
      "activity": {
        "activityId": "set",
        "className": "Element",
        "module": {
          "containerId": "irpa_core",
          "id": "core"
        }
      },
      "target": {
        "type": "expression",
        "value": "SAPLogon750.pVentasYFacturasMas.edFichero"
      },
      "inputMapping": {
        "arguments": [
          {
            "name": "value",
            "type": "expression",
            "value": "Step0.InputData.filename"
          },
          {
            "name": "testExist",
            "type": "boolean",
            "value": false
          },
          {
            "name": "ifDefined",
            "type": "boolean",
            "value": false
          }
        ]
      }
    },
    {
      "id": "34",
      "name": "Click on 'btEjecutar (4)'",
      "uiGroup": {
        "type": "screen",
        "containerId": "package",
        "screenIdentifier": "SAPLogon750.pVentasYFacturasMas",
        "screenName": "SAPLogon750.pVentasYFacturasMas",
        "capture": "screen"
      },
      "type": "call",
      "activity": {
        "activityId": "click",
        "className": "Element",
        "module": {
          "containerId": "irpa_core",
          "id": "core"
        }
      },
      "target": {
        "type": "expression",
        "value": "SAPLogon750.pVentasYFacturasMas.btEjecutar"
      },
      "inputMapping": {
        "arguments": [
          {
            "name": "bMouse",
            "type": "boolean",
            "value": false
          }
        ]
      }
    },
    {
      "id": "35",
      "uiGroup": {
        "type": "screen",
        "containerId": "package",
        "screenIdentifier": "SAPLogon750.pPosDocumVisualiza",
        "screenName": "SAPLogon750.pPosDocumVisualiza",
        "capture": "screen"
      },
      "name": "Wait screen",
      "type": "call",
      "activity": {
        "activityId": "wait",
        "className": "Screen",
        "module": {
          "containerId": "irpa_core",
          "id": "core"
        }
      },
      "target": {
        "type": "expression",
        "value": "SAPLogon750.pPosDocumVisualiza"
      }
    },
    {
      "id": "36",
      "name": "Click on 'btAceptar (1)'",
      "uiGroup": {
        "type": "screen",
        "containerId": "package",
        "screenIdentifier": "SAPLogon750.pPosDocumVisualiza",
        "screenName": "SAPLogon750.pPosDocumVisualiza",
        "capture": "screen"
      },
      "type": "call",
      "activity": {
        "activityId": "click",
        "className": "Element",
        "module": {
          "containerId": "irpa_core",
          "id": "core"
        }
      },
      "target": {
        "type": "expression",
        "value": "SAPLogon750.pPosDocumVisualiza.btAceptar"
      },
      "inputMapping": {
        "arguments": [
          {
            "name": "bMouse",
            "type": "boolean",
            "value": false
          }
        ]
      }
    },
    {
      "id": "37",
      "uiGroup": {
        "type": "screen",
        "containerId": "package",
        "screenIdentifier": "SAPLogon750.pVentasYFacturasMas",
        "screenName": "SAPLogon750.pVentasYFacturasMas",
        "capture": "screen"
      },
      "name": "Wait screen",
      "type": "call",
      "activity": {
        "activityId": "wait",
        "className": "Screen",
        "module": {
          "containerId": "irpa_core",
          "id": "core"
        }
      },
      "target": {
        "type": "expression",
        "value": "SAPLogon750.pVentasYFacturasMas"
      }
    },
    {
      "id": "38",
      "name": "Click on 'btIFinalizar (5)'",
      "uiGroup": {
        "type": "screen",
        "containerId": "package",
        "screenIdentifier": "SAPLogon750.pVentasYFacturasMas",
        "screenName": "SAPLogon750.pVentasYFacturasMas",
        "capture": "screen"
      },
      "type": "call",
      "activity": {
        "activityId": "click",
        "className": "Element",
        "module": {
          "containerId": "irpa_core",
          "id": "core"
        }
      },
      "target": {
        "type": "expression",
        "value": "SAPLogon750.pVentasYFacturasMas.btIFinalizar"
      },
      "inputMapping": {
        "arguments": [
          {
            "name": "bMouse",
            "type": "boolean",
            "value": false
          }
        ]
      }
    },
    {
      "id": "39",
      "uiGroup": {
        "type": "screen",
        "containerId": "package",
        "screenIdentifier": "SAPLogon750.pSAPEasyAccess",
        "screenName": "SAPLogon750.pSAPEasyAccess",
        "capture": "screen"
      },
      "name": "Wait screen",
      "type": "call",
      "activity": {
        "activityId": "wait",
        "className": "Screen",
        "module": {
          "containerId": "irpa_core",
          "id": "core"
        }
      },
      "target": {
        "type": "expression",
        "value": "SAPLogon750.pSAPEasyAccess"
      }
    },
    {
      "id": "40",
      "name": "Click on 'btIFinalizar (2)'",
      "uiGroup": {
        "type": "screen",
        "containerId": "package",
        "screenIdentifier": "SAPLogon750.pSAPEasyAccess",
        "screenName": "SAPLogon750.pSAPEasyAccess",
        "capture": "screen"
      },
      "type": "call",
      "activity": {
        "activityId": "click",
        "className": "Element",
        "module": {
          "containerId": "irpa_core",
          "id": "core"
        }
      },
      "target": {
        "type": "expression",
        "value": "SAPLogon750.pSAPEasyAccess.btIFinalizar"
      },
      "inputMapping": {
        "arguments": [
          {
            "name": "bMouse",
            "type": "boolean",
            "value": false
          }
        ]
      }
    },
    {
      "id": "41",
      "uiGroup": {
        "type": "screen",
        "containerId": "package",
        "screenIdentifier": "SAPLogon750.pSalirDelSistema",
        "screenName": "SAPLogon750.pSalirDelSistema",
        "capture": "screen"
      },
      "name": "Wait screen",
      "type": "call",
      "activity": {
        "activityId": "wait",
        "className": "Screen",
        "module": {
          "containerId": "irpa_core",
          "id": "core"
        }
      },
      "target": {
        "type": "expression",
        "value": "SAPLogon750.pSalirDelSistema"
      }
    },
    {
      "id": "42",
      "name": "Click on 'btSí (1)'",
      "uiGroup": {
        "type": "screen",
        "containerId": "package",
        "screenIdentifier": "SAPLogon750.pSalirDelSistema",
        "screenName": "SAPLogon750.pSalirDelSistema",
        "capture": "screen"
      },
      "type": "call",
      "activity": {
        "activityId": "click",
        "className": "Element",
        "module": {
          "containerId": "irpa_core",
          "id": "core"
        }
      },
      "target": {
        "type": "expression",
        "value": "SAPLogon750.pSalirDelSistema.btSí"
      },
      "inputMapping": {
        "arguments": [
          {
            "name": "bMouse",
            "type": "boolean",
            "value": false
          }
        ]
      }
    },
    {
      "id": "43",
      "name": "End",
      "type": "end",
      "outputMapping": {
        "OutputData": {
          "type": "expression",
          "value": "Step0.InputData"
        }
      }
    }
  ]
}