{
  "uid": "53b73126-cfb6-486f-853e-86b09d4fcc73",
  "name": "rootData",
  "identifier": "rootData",
  "type": "datatype",
  "visibility": true,
  "header": {
    "$schema": "http://json-schema.org/draft-07/schema#",
    "type": "object",
    "title": "rootData",
    "properties": {
      "lines": {
        "uid": "04f0094f-0936-4e55-a7f0-db5afc0c663d",
        "type": "string"
      },
      "archivoTXT": {
        "uid": "8c70aa17-dd40-4249-af7a-8748418b42ac",
        "type": "string"
      },
      "sapgui": {
        "uid": "c209950f-c12a-4a01-91e9-fe36a1af15bc",
        "type": "object",
        "properties": {
          "uname": {
            "uid": "54ac5217-2fab-4362-a874-e8efcf2c93aa",
            "type": "string"
          },
          "pass": {
            "uid": "62395812-b343-4096-afbe-e6f2abff2a11",
            "type": "string"
          }
        }
      },
      "datetime": {
        "uid": "513a355b-b6f9-4b39-ae7e-6808d41f9a0d",
        "type": "string"
      },
      "fechaActual": {
        "uid": "9dd53b6a-4300-473f-840d-23cc31149435",
        "type": "string"
      },
      "tipoCarga": {
        "uid": "d88f7b28-8862-47ef-a0e4-d22deeac5053",
        "type": "string"
      },
      "Manual": {
        "uid": "98cf2ce7-b59a-4335-920c-ef8eff8d3d83",
        "type": "object",
        "properties": {
          "fechaIni": {
            "uid": "466adbc2-4d33-4ede-bb54-a7c1a2f57078",
            "type": "string"
          },
          "fechaFin": {
            "uid": "fb5c2b04-dfa2-4c76-a52e-d0fe1f133e8a",
            "type": "string"
          },
          "soloCarga": {
            "uid": "946eee17-8bc1-4dfc-84c7-aa2dfb14a714",
            "type": "string"
          },
          "idCentro": {
            "uid": "0401bc16-338a-44f2-8dc4-d8adc70bae2c",
            "type": "string"
          }
        }
      },
      "datetimeIni": {
        "uid": "b00cffd9-0c98-4054-b866-f27a49c491ef",
        "type": "string"
      },
      "tipoConsulta": {
        "uid": "26c801e3-2e0e-4c67-a659-eb4d302b31cd",
        "type": "string"
      },
      "rootData": {
        "uid": "c3018848-46d4-4301-9cdc-aebf7e4b07d3",
        "refName": "rootData",
        "$ref": "c3018848-46d4-4301-9cdc-aebf7e4b07d3"
      },
      "filename": {
        "uid": "960ec5c1-ad54-45d8-9ed5-3c414000b475",
        "type": "string"
      },
      "filenameO": {
        "uid": "3cffd9ad-93d2-4fd2-8401-cf1ad1b5bf1c",
        "type": "string"
      },
      "SAPLogon750Data": {
        "uid": "95408ecb-e53a-4fff-89db-1b69a4315736",
        "type": "object",
        "properties": {
          "pSAPLoginData": {
            "uid": "9a330cc0-313c-4613-aea2-0a2e7fc476ab",
            "type": "object",
            "properties": {
              "edMandante": {
                "uid": "88839f4c-a899-4e75-ae09-142003c7cc34",
                "type": "string"
              },
              "edUsuarios": {
                "uid": "c7aead83-7141-4cb4-9f68-ac3936ad0beb",
                "type": "string"
              },
              "oClvAcc": {
                "uid": "18de99ea-3401-47fc-93dc-a51bac7684da",
                "type": "string"
              },
              "edIdioma": {
                "uid": "96741402-e8c4-4119-8e3a-f750685e5934",
                "type": "string"
              }
            }
          },
          "pSAPEasyAccessData": {
            "uid": "b510b556-bd2c-46d7-ab63-6f25b8a41a60",
            "type": "object",
            "properties": {
              "oGuiOkCodeField": {
                "uid": "01827a40-22e3-4a34-88ef-1056f0488700",
                "type": "string"
              }
            }
          },
          "pVentasYFacturasMasData": {
            "uid": "be073dff-d2b2-4da4-953e-6e3b9912db35",
            "type": "object",
            "properties": {
              "oSoloCarga": {
                "uid": "950997a6-92a7-412d-ab89-f62cec72a4ea",
                "type": "string"
              },
              "edFichero": {
                "uid": "b1d2c808-051b-44aa-8970-5a28e1f75e1b",
                "type": "string"
              },
              "oVentaPorLínea": {
                "uid": "ce32b483-1da1-46ac-8306-d1f18c4516d8",
                "type": "string"
              }
            }
          }
        }
      },
      "environmentType": {
        "uid": "57b989d9-0209-4b17-9cd9-bb774d08f45f",
        "type": "string"
      }
    }
  }
}