{
  "name": "cargaSAP_Manual",
  "identifier": "cargaSAP_Manual",
  "type": "automation",
  "visibility": true,
  "maxDuration": 12000,
  "triggerable": true,
  "header": {},
  "inputs": [
    {
      "identifier": "InputData",
      "type": "complex",
      "typeName": "rootData",
      "dimension": 0
    }
  ],
  "outputs": [
    {
      "identifier": "OutputData",
      "type": "complex",
      "typeName": "rootData",
      "typeValue": "rootData",
      "dimension": 0
    }
  ]
}