<?xml version="1.0" encoding="UTF-8"?>
<doc>
	<Identification>
		<Version Value="2.0.7.54"/>
	</Identification>
	<Properties>
		<Property Name="projectFile" Value="leerXLS.debug.psc"/>
		<Property Name="projectVersion" Value="1.7"/>
		<Property Name="projectName" Value="leerXLS"/>
		<Property Name="projectId" Value="4930ab97-4ac7-4a41-8644-8adf51962c54"/>
		<Property Name="projectDate" Value="01/06/2021"/>
		<Property Name="projectLabel" Value="Leer XLS"/>
		<Property Name="projectClient" Value="ENCO"/>
		<Property Name="licenceURL" Value=""/>
		<Property Name="archiveFile" Value="leerXLS.zip"/>
		<Property Name="productVersion" Value="2.0.7.54"/>
		<Property Name="sdkVersion" Value="2.0.7.54"/>
		<Property Name="exportDate" Value="4/10/2021"/>
		<Property Name="IsTrial" Value="False"/>
		<Property Name="validity" Value=""/>
		<Property Name="cyphering" Value="0"/>
		<Property Name="compression" Value="1"/>
	</Properties>
	<Properties Name="scenario0">
		<Property Name="appliName" Value="GLOBAL" Type="1"/>
		<Property Name="scenario" Value="cargaVentas" Type="1"/>
		<Property Name="name" Value="" Type="1"/>
		<Property Name="id" Value="37dded21-4ac8-4f09-bc09-a4d0a00b8e05" Type="1"/>
		<Property Name="timeout" Value="600" Type="1"/>
		<Property Name="task" Value="1" Type="1"/>
		<Property Name="contextRoot" Value="" Type="1"/>
		<Property Name="input" Value="" Type="1"/>
		<Property Name="output" Value="" Type="1"/>
	</Properties>
	<Keys Name="scenario0">
	</Keys>
	<Properties Name="scenario1">
		<Property Name="appliName" Value="GLOBAL" Type="1"/>
		<Property Name="scenario" Value="cargaVentasSQL" Type="1"/>
		<Property Name="name" Value="" Type="1"/>
		<Property Name="id" Value="1abe1288-dd5b-4d43-a52d-6e201c1025fd" Type="1"/>
		<Property Name="timeout" Value="600" Type="1"/>
		<Property Name="task" Value="1" Type="1"/>
		<Property Name="contextRoot" Value="" Type="1"/>
		<Property Name="input" Value="" Type="1"/>
		<Property Name="output" Value="" Type="1"/>
	</Properties>
	<Keys Name="scenario1">
	</Keys>
	<Properties Name="scenario2">
		<Property Name="appliName" Value="GLOBAL" Type="1"/>
		<Property Name="scenario" Value="cargaVentas48hrs" Type="1"/>
		<Property Name="name" Value="Carga ventas contado y público general" Type="1"/>
		<Property Name="id" Value="96359b69-c55a-4b31-857b-b5aa77bf939d" Type="1"/>
		<Property Name="timeout" Value="600" Type="1"/>
		<Property Name="task" Value="1" Type="1"/>
		<Property Name="contextRoot" Value="" Type="1"/>
		<Property Name="input" Value="" Type="1"/>
		<Property Name="output" Value="" Type="1"/>
	</Properties>
	<Keys Name="scenario2">
	</Keys>
	<UpdatePackages>
	</UpdatePackages>
	<KeyNames Value="2b08e3c6cac2cf4fb65193d904c691cb" Type="32771"/>
	<KeyContent Value="e360d7c7b3e28032f7cc80b4e8509b83" Type="32771"/>
	<KeyProps Value="bcb753b8a8dddd1c3b2a8490c74b9a02" Type="32771"/>
</doc>
